id;start_date;end_date;language
1;2025-01-02T08:20:29;2025-01-01T22:46:02;ENGLISH
2;2025-01-02T14:13:21;2025-01-02T04:36:06;FRENCH
3;2025-01-02T00:12:10;2025-01-02T19:40:08;ENGLISH
4;2025-01-02T02:42:32;2025-01-02T10:40:17;FRENCH
5;2025-01-02T10:32:33;2025-01-02T07:07:16;ENGLISH
6;2025-01-02T07:23:44;2025-01-02T06:49:08;ENGLISH
7;2025-01-02T10:08:11;2025-01-02T07:29:40;SPANISH
8;2025-01-02T15:58:10;2025-01-01T20:32:20;ENGLISH
9;2025-01-01T20:35:39;2025-01-02T19:39:32;SPANISH
10;2025-01-02T18:13:15;2025-01-01T20:54:58;ENGLISH
